Team,G,MP,FG,FGA,FG%,3P,3PA,3P%,2P,2PA,2P%,FT,FTA,FT%,ORB,DRB,TRB,AST,STL,BLK,TOV,PF,PTS,Season
Memphis Grizzlies,30,240.0,45.1,92.9,.486,13.9,37.6,.370,31.2,55.3,.564,18.5,23.9,.773,12.5,35.7,48.2,30.5,9.2,6.5,17.1,21.6,122.7,2024/2025
Cleveland Cavaliers,30,240.0,44.7,88.7,.504,16.1,39.6,.406,28.6,49.1,.583,16.4,21.2,.775,9.5,34.0,43.5,28.5,9.1,4.4,13.2,18.3,121.8,2024/2025
Denver Nuggets,28,242.7,44.3,89.3,.496,11.6,30.9,.376,32.6,58.4,.559,18.9,25.1,.751,11.1,34.1,45.2,30.9,8.7,4.6,14.9,18.3,119.1,2024/2025
Boston Celtics,30,242.5,41.7,91.5,.456,18.4,50.4,.365,23.3,41.1,.568,17.1,21.5,.797,10.8,34.5,45.3,25.4,7.5,5.5,12.1,16.2,118.9,2024/2025
Dallas Mavericks,30,240.8,43.2,88.9,.486,13.5,35.8,.377,29.7,53.1,.559,18.4,23.8,.771,11.3,34.0,45.4,25.5,8.5,5.5,14.2,19.2,118.2,2024/2025
New York Knicks,30,240.0,43.4,87.3,.497,14.4,36.4,.396,28.9,50.9,.569,16.1,20.0,.805,9.7,33.1,42.8,28.1,7.6,4.2,13.1,17.4,117.3,2024/2025
Chicago Bulls,30,240.0,42.7,91.3,.468,16.3,44.0,.370,26.4,47.3,.558,15.5,19.3,.800,9.0,35.7,44.7,29.1,7.4,4.7,15.1,18.3,117.2,2024/2025
Atlanta Hawks,30,241.7,42.6,91.9,.463,12.5,35.7,.350,30.1,56.2,.535,18.8,24.1,.780,12.3,33.8,46.1,29.6,10.2,5.4,16.7,18.8,116.4,2024/2025
Oklahoma City Thunder,28,240.0,42.8,92.3,.464,13.6,39.0,.349,29.2,53.3,.548,15.8,19.5,.813,10.5,33.5,44.0,25.5,12.2,6.3,11.9,20.8,115.1,2024/2025
Sacramento Kings,30,242.5,42.5,89.4,.476,11.9,34.8,.342,30.6,54.6,.561,17.8,22.3,.801,10.2,33.4,43.6,25.7,8.2,4.8,13.4,20.0,114.8,2024/2025
Indiana Pacers,30,241.7,42.8,87.3,.490,12.8,34.1,.376,30.0,53.2,.563,16.4,20.7,.793,8.3,32.2,40.6,27.9,8.4,5.3,14.6,19.9,114.8,2024/2025
Phoenix Suns,29,241.7,40.2,85.1,.472,14.7,38.6,.382,25.5,46.6,.547,18.1,22.7,.798,9.3,33.4,42.7,27.2,7.8,4.7,14.0,18.1,113.3,2024/2025
Houston Rockets,29,242.6,41.4,93.8,.442,11.8,36.3,.324,29.7,57.5,.516,18.3,23.8,.770,14.2,35.4,49.6,22.6,8.6,5.7,13.6,20.0,112.9,2024/2025
Golden State Warriors,29,240.9,41.3,91.8,.450,15.4,41.4,.372,26.0,50.4,.515,14.8,20.9,.706,12.8,34.2,47.0,28.9,8.8,5.4,14.3,19.8,112.8,2024/2025
Milwaukee Bucks,28,240.9,41.0,85.3,.481,14.5,37.1,.391,26.5,48.1,.550,16.3,22.3,.729,8.1,35.1,43.2,24.4,7.6,5.4,14.2,18.5,112.8,2024/2025
Miami Heat,27,242.8,39.6,87.1,.454,14.6,38.9,.374,25.0,48.3,.519,18.4,23.6,.781,9.9,33.7,43.6,25.8,8.9,3.4,13.3,16.6,112.1,2024/2025
Toronto Raptors,30,242.5,42.0,90.5,.464,11.5,33.2,.345,30.5,57.3,.533,16.7,22.3,.747,12.6,32.4,45.0,28.6,7.7,4.7,16.2,22.7,112.1,2024/2025
Detroit Pistons,30,243.3,41.4,88.8,.467,13.4,37.0,.363,28.0,51.8,.541,15.6,20.3,.768,11.0,33.6,44.7,25.8,6.9,5.3,16.1,20.0,111.9,2024/2025
San Antonio Spurs,30,240.8,40.1,87.7,.458,13.9,39.8,.348,26.3,47.8,.549,17.5,22.0,.797,10.8,34.0,44.8,28.6,7.5,6.9,15.0,16.4,111.7,2024/2025
Los Angeles Lakers,30,240.8,40.4,85.9,.470,11.7,33.6,.348,28.7,52.3,.548,18.8,24.0,.783,9.4,32.1,41.4,26.1,7.9,5.0,13.7,16.5,111.3,2024/2025
Utah Jazz,28,240.0,38.9,85.1,.457,13.7,37.8,.363,25.2,47.4,.532,18.8,23.9,.787,12.0,32.8,44.8,24.6,6.9,5.2,18.7,18.5,110.3,2024/2025
Los Angeles Clippers,30,240.8,40.1,86.0,.466,12.7,34.0,.373,27.4,51.9,.527,16.8,21.5,.781,10.9,33.4,44.3,24.6,9.9,4.4,16.5,19.2,109.6,2024/2025
Minnesota Timberwolves,29,241.7,39.2,85.8,.457,14.8,39.9,.372,24.4,45.9,.531,15.9,20.1,.789,9.6,33.2,42.8,25.2,8.8,4.6,15.8,17.9,109.1,2024/2025
Brooklyn Nets,29,241.7,38.3,84.4,.454,14.8,39.7,.373,23.5,44.8,.525,17.3,21.3,.809,9.0,30.1,39.1,25.5,7.2,3.8,15.2,22.1,108.7,2024/2025
Washington Wizards,27,240.0,39.6,90.1,.440,12.0,36.9,.325,27.6,53.2,.519,16.1,20.8,.777,10.5,33.5,44.0,24.4,7.9,5.9,16.5,21.4,107.4,2024/2025
Orlando Magic,31,240.0,38.5,85.2,.452,11.5,37.1,.311,27.0,48.1,.561,18.8,23.7,.792,10.7,31.3,42.0,24.0,9.4,7.0,15.3,20.4,107.3,2024/2025
Portland Trail Blazers,29,240.0,39.5,90.0,.439,12.0,36.4,.330,27.4,53.6,.512,16.1,20.9,.772,12.9,30.3,43.2,22.7,8.2,5.7,16.4,19.8,107.1,2024/2025
Philadelphia 76ers,28,242.7,38.1,85.9,.443,12.0,35.9,.334,26.1,50.0,.521,18.2,23.5,.774,10.5,30.1,40.6,21.8,9.5,4.0,14.3,20.1,106.4,2024/2025
Charlotte Hornets,29,241.7,38.5,89.8,.429,14.7,42.4,.346,23.8,47.4,.503,14.8,19.2,.770,13.2,32.1,45.4,23.5,8.0,4.9,15.9,21.1,106.4,2024/2025
New Orleans Pelicans,30,240.8,39.3,89.8,.437,11.1,33.3,.332,28.2,56.5,.500,16.1,21.2,.757,12.7,30.4,43.1,24.0,9.4,5.3,15.2,18.4,105.7,2024/2025
